<annotation>
	<folder>train</folder>
	<filename>WhatsApp Image 2018-10-26 at 12.03.58 AM.jpeg</filename>
	<path>C:\tensorflow1\images\train\WhatsApp Image 2018-10-26 at 12.03.58 AM.jpeg</path>
	<source>
		<database>Unknown</database>
	</source>
	<size>
		<width>540</width>
		<height>1080</height>
		<depth>3</depth>
	</size>
	<segmented>0</segmented>
	<object>
		<name>armWorm</name>
		<pose>Unspecified</pose>
		<truncated>1</truncated>
		<difficult>0</difficult>
		<bndbox>
			<xmin>1</xmin>
			<ymin>569</ymin>
			<xmax>123</xmax>
			<ymax>675</ymax>
		</bndbox>
	</object>
</annotation>
