<annotation>
	<folder>test</folder>
	<filename>WhatsApp Image 2018-10-28 at 2.49.48 PM (1).jpeg</filename>
	<path>C:\tensorflow1\images\test\WhatsApp Image 2018-10-28 at 2.49.48 PM (1).jpeg</path>
	<source>
		<database>Unknown</database>
	</source>
	<size>
		<width>810</width>
		<height>1080</height>
		<depth>3</depth>
	</size>
	<segmented>0</segmented>
	<object>
		<name>armWorm</name>
		<pose>Unspecified</pose>
		<truncated>0</truncated>
		<difficult>0</difficult>
		<bndbox>
			<xmin>166</xmin>
			<ymin>468</ymin>
			<xmax>564</xmax>
			<ymax>698</ymax>
		</bndbox>
	</object>
</annotation>
