<annotation>
	<folder>train</folder>
	<filename>WhatsApp Image 2018-10-28 at 2.49.43 PM.jpeg</filename>
	<path>C:\tensorflow1\images\train\WhatsApp Image 2018-10-28 at 2.49.43 PM.jpeg</path>
	<source>
		<database>Unknown</database>
	</source>
	<size>
		<width>810</width>
		<height>1080</height>
		<depth>3</depth>
	</size>
	<segmented>0</segmented>
	<object>
		<name>armWorm</name>
		<pose>Unspecified</pose>
		<truncated>0</truncated>
		<difficult>0</difficult>
		<bndbox>
			<xmin>222</xmin>
			<ymin>162</ymin>
			<xmax>386</xmax>
			<ymax>245</ymax>
		</bndbox>
	</object>
	<object>
		<name>armWorm</name>
		<pose>Unspecified</pose>
		<truncated>0</truncated>
		<difficult>0</difficult>
		<bndbox>
			<xmin>184</xmin>
			<ymin>280</ymin>
			<xmax>302</xmax>
			<ymax>421</ymax>
		</bndbox>
	</object>
	<object>
		<name>armWorm</name>
		<pose>Unspecified</pose>
		<truncated>0</truncated>
		<difficult>0</difficult>
		<bndbox>
			<xmin>251</xmin>
			<ymin>703</ymin>
			<xmax>359</xmax>
			<ymax>886</ymax>
		</bndbox>
	</object>
</annotation>
