<annotation>
	<folder>train</folder>
	<filename>WhatsApp Image 2018-10-25 at 11.54.52 PM.jpeg</filename>
	<path>C:\tensorflow1\images\train\WhatsApp Image 2018-10-25 at 11.54.52 PM.jpeg</path>
	<source>
		<database>Unknown</database>
	</source>
	<size>
		<width>540</width>
		<height>1080</height>
		<depth>3</depth>
	</size>
	<segmented>0</segmented>
	<object>
		<name>armyWorm</name>
		<pose>Unspecified</pose>
		<truncated>0</truncated>
		<difficult>0</difficult>
		<bndbox>
			<xmin>193</xmin>
			<ymin>871</ymin>
			<xmax>270</xmax>
			<ymax>988</ymax>
		</bndbox>
	</object>
</annotation>
