<annotation>
	<folder>train</folder>
	<filename>WhatsApp Image 2018-10-26 at 10.53.02 AM.jpeg</filename>
	<path>C:\tensorflow1\images\train\WhatsApp Image 2018-10-26 at 10.53.02 AM.jpeg</path>
	<source>
		<database>Unknown</database>
	</source>
	<size>
		<width>540</width>
		<height>1080</height>
		<depth>3</depth>
	</size>
	<segmented>0</segmented>
	<object>
		<name>armWorm</name>
		<pose>Unspecified</pose>
		<truncated>0</truncated>
		<difficult>0</difficult>
		<bndbox>
			<xmin>288</xmin>
			<ymin>381</ymin>
			<xmax>452</xmax>
			<ymax>471</ymax>
		</bndbox>
	</object>
</annotation>
