<annotation>
	<folder>train</folder>
	<filename>WhatsApp Image 2018-10-28 at 2.49.50 PM.jpeg</filename>
	<path>C:\tensorflow1\images\train\WhatsApp Image 2018-10-28 at 2.49.50 PM.jpeg</path>
	<source>
		<database>Unknown</database>
	</source>
	<size>
		<width>1080</width>
		<height>608</height>
		<depth>3</depth>
	</size>
	<segmented>0</segmented>
	<object>
		<name>armWorm</name>
		<pose>Unspecified</pose>
		<truncated>0</truncated>
		<difficult>0</difficult>
		<bndbox>
			<xmin>487</xmin>
			<ymin>121</ymin>
			<xmax>571</xmax>
			<ymax>176</ymax>
		</bndbox>
	</object>
	<object>
		<name>armWorm</name>
		<pose>Unspecified</pose>
		<truncated>0</truncated>
		<difficult>0</difficult>
		<bndbox>
			<xmin>228</xmin>
			<ymin>289</ymin>
			<xmax>324</xmax>
			<ymax>358</ymax>
		</bndbox>
	</object>
	<object>
		<name>armWorm</name>
		<pose>Unspecified</pose>
		<truncated>0</truncated>
		<difficult>0</difficult>
		<bndbox>
			<xmin>724</xmin>
			<ymin>153</ymin>
			<xmax>770</xmax>
			<ymax>238</ymax>
		</bndbox>
	</object>
	<object>
		<name>armWorm</name>
		<pose>Unspecified</pose>
		<truncated>0</truncated>
		<difficult>0</difficult>
		<bndbox>
			<xmin>623</xmin>
			<ymin>253</ymin>
			<xmax>659</xmax>
			<ymax>347</ymax>
		</bndbox>
	</object>
	<object>
		<name>armWorm</name>
		<pose>Unspecified</pose>
		<truncated>0</truncated>
		<difficult>0</difficult>
		<bndbox>
			<xmin>608</xmin>
			<ymin>248</ymin>
			<xmax>683</xmax>
			<ymax>317</ymax>
		</bndbox>
	</object>
	<object>
		<name>armWorm</name>
		<pose>Unspecified</pose>
		<truncated>0</truncated>
		<difficult>0</difficult>
		<bndbox>
			<xmin>432</xmin>
			<ymin>379</ymin>
			<xmax>479</xmax>
			<ymax>493</ymax>
		</bndbox>
	</object>
	<object>
		<name>armWorm</name>
		<pose>Unspecified</pose>
		<truncated>0</truncated>
		<difficult>0</difficult>
		<bndbox>
			<xmin>399</xmin>
			<ymin>488</ymin>
			<xmax>496</xmax>
			<ymax>525</ymax>
		</bndbox>
	</object>
	<object>
		<name>armWorm</name>
		<pose>Unspecified</pose>
		<truncated>0</truncated>
		<difficult>0</difficult>
		<bndbox>
			<xmin>451</xmin>
			<ymin>487</ymin>
			<xmax>508</xmax>
			<ymax>606</ymax>
		</bndbox>
	</object>
</annotation>
