<annotation>
	<folder>train</folder>
	<filename>WhatsApp Image 2018-10-28 at 2.49.44 PM.jpeg</filename>
	<path>C:\tensorflow1\images\train\WhatsApp Image 2018-10-28 at 2.49.44 PM.jpeg</path>
	<source>
		<database>Unknown</database>
	</source>
	<size>
		<width>810</width>
		<height>1080</height>
		<depth>3</depth>
	</size>
	<segmented>0</segmented>
	<object>
		<name>armWorm</name>
		<pose>Unspecified</pose>
		<truncated>0</truncated>
		<difficult>0</difficult>
		<bndbox>
			<xmin>112</xmin>
			<ymin>88</ymin>
			<xmax>210</xmax>
			<ymax>152</ymax>
		</bndbox>
	</object>
	<object>
		<name>armWorm</name>
		<pose>Unspecified</pose>
		<truncated>0</truncated>
		<difficult>0</difficult>
		<bndbox>
			<xmin>297</xmin>
			<ymin>516</ymin>
			<xmax>368</xmax>
			<ymax>609</ymax>
		</bndbox>
	</object>
	<object>
		<name>armWorm</name>
		<pose>Unspecified</pose>
		<truncated>0</truncated>
		<difficult>0</difficult>
		<bndbox>
			<xmin>431</xmin>
			<ymin>914</ymin>
			<xmax>502</xmax>
			<ymax>998</ymax>
		</bndbox>
	</object>
	<object>
		<name>armWorm</name>
		<pose>Unspecified</pose>
		<truncated>0</truncated>
		<difficult>0</difficult>
		<bndbox>
			<xmin>577</xmin>
			<ymin>896</ymin>
			<xmax>627</xmax>
			<ymax>981</ymax>
		</bndbox>
	</object>
	<object>
		<name>armWorm</name>
		<pose>Unspecified</pose>
		<truncated>1</truncated>
		<difficult>0</difficult>
		<bndbox>
			<xmin>452</xmin>
			<ymin>1</ymin>
			<xmax>517</xmax>
			<ymax>85</ymax>
		</bndbox>
	</object>
	<object>
		<name>armWorm</name>
		<pose>Unspecified</pose>
		<truncated>1</truncated>
		<difficult>0</difficult>
		<bndbox>
			<xmin>551</xmin>
			<ymin>1</ymin>
			<xmax>600</xmax>
			<ymax>68</ymax>
		</bndbox>
	</object>
</annotation>
