<annotation>
	<folder>train</folder>
	<filename>WhatsApp Image 2018-10-28 at 1.37.33 PM.jpeg</filename>
	<path>C:\tensorflow1\images\train\WhatsApp Image 2018-10-28 at 1.37.33 PM.jpeg</path>
	<source>
		<database>Unknown</database>
	</source>
	<size>
		<width>1080</width>
		<height>608</height>
		<depth>3</depth>
	</size>
	<segmented>0</segmented>
	<object>
		<name>armWorm</name>
		<pose>Unspecified</pose>
		<truncated>0</truncated>
		<difficult>0</difficult>
		<bndbox>
			<xmin>571</xmin>
			<ymin>420</ymin>
			<xmax>733</xmax>
			<ymax>579</ymax>
		</bndbox>
	</object>
	<object>
		<name>armWorm</name>
		<pose>Unspecified</pose>
		<truncated>0</truncated>
		<difficult>0</difficult>
		<bndbox>
			<xmin>747</xmin>
			<ymin>410</ymin>
			<xmax>854</xmax>
			<ymax>589</ymax>
		</bndbox>
	</object>
	<object>
		<name>armWorm</name>
		<pose>Unspecified</pose>
		<truncated>0</truncated>
		<difficult>0</difficult>
		<bndbox>
			<xmin>876</xmin>
			<ymin>330</ymin>
			<xmax>999</xmax>
			<ymax>588</ymax>
		</bndbox>
	</object>
	<object>
		<name>armWorm</name>
		<pose>Unspecified</pose>
		<truncated>0</truncated>
		<difficult>0</difficult>
		<bndbox>
			<xmin>579</xmin>
			<ymin>144</ymin>
			<xmax>732</xmax>
			<ymax>310</ymax>
		</bndbox>
	</object>
	<object>
		<name>armWorm</name>
		<pose>Unspecified</pose>
		<truncated>0</truncated>
		<difficult>0</difficult>
		<bndbox>
			<xmin>401</xmin>
			<ymin>13</ymin>
			<xmax>556</xmax>
			<ymax>116</ymax>
		</bndbox>
	</object>
	<object>
		<name>armWorm</name>
		<pose>Unspecified</pose>
		<truncated>0</truncated>
		<difficult>0</difficult>
		<bndbox>
			<xmin>495</xmin>
			<ymin>96</ymin>
			<xmax>565</xmax>
			<ymax>262</ymax>
		</bndbox>
	</object>
</annotation>
