<annotation>
	<folder>test</folder>
	<filename>WhatsApp Image 2018-11-08 at 6.56.36 PM.jpeg</filename>
	<path>C:\tensorflow1\images\test\WhatsApp Image 2018-11-08 at 6.56.36 PM.jpeg</path>
	<source>
		<database>Unknown</database>
	</source>
	<size>
		<width>540</width>
		<height>1080</height>
		<depth>3</depth>
	</size>
	<segmented>0</segmented>
	<object>
		<name>armWorm</name>
		<pose>Unspecified</pose>
		<truncated>0</truncated>
		<difficult>0</difficult>
		<bndbox>
			<xmin>300</xmin>
			<ymin>580</ymin>
			<xmax>388</xmax>
			<ymax>719</ymax>
		</bndbox>
	</object>
</annotation>
