<annotation>
	<folder>test</folder>
	<filename>WhatsApp Image 2018-10-28 at 2.49.47 PM.jpeg</filename>
	<path>C:\tensorflow1\images\test\WhatsApp Image 2018-10-28 at 2.49.47 PM.jpeg</path>
	<source>
		<database>Unknown</database>
	</source>
	<size>
		<width>810</width>
		<height>1080</height>
		<depth>3</depth>
	</size>
	<segmented>0</segmented>
	<object>
		<name>armWorm</name>
		<pose>Unspecified</pose>
		<truncated>0</truncated>
		<difficult>0</difficult>
		<bndbox>
			<xmin>100</xmin>
			<ymin>630</ymin>
			<xmax>468</xmax>
			<ymax>934</ymax>
		</bndbox>
	</object>
	<object>
		<name>armWorm</name>
		<pose>Unspecified</pose>
		<truncated>0</truncated>
		<difficult>0</difficult>
		<bndbox>
			<xmin>472</xmin>
			<ymin>506</ymin>
			<xmax>576</xmax>
			<ymax>775</ymax>
		</bndbox>
	</object>
</annotation>
